Step #,Description,Status,Date Completed,Notes/Results,Contingency Triggered? (Y/N + details)
51,Implement variational backbone (amortized encoder for q(z)),Completed,2026-03-12,Implemented GRU-based amortized encoder with probability-simplex smoke checks in code/models/phase2_variational_backbone.py,N
52,Add PyG HypergraphConv for emission model,Completed,2026-03-12,Implemented HypergraphConv emission scaffold and smoke run in code/models/phase2_hypergraph_emission.py,N
53,Implement proximal gradient step for group-Lasso sparsity,Completed,2026-03-12,Implemented proximal group-lasso module with monotone objective smoke test in code/models/phase2_proximal_group_lasso.py,N
54,Add temporal KL penalty term,Completed,2026-03-12,Implemented temporal KL regularization module with Gaussian-diagonal KL and smoke verification in code/models/phase2_temporal_kl_penalty.py,N
55,Curriculum training: start k=2 then fine-tune k=3,Completed,2026-03-12,Implemented and executed curriculum toy pipeline (k2 pretrain then k3 fine-tune) with comparison against scratch training in code/models/phase2_curriculum_training_toy.py,N
56,Generate large synthetic grid (N=20-150 k=2-4 s=logN/N sigma=0.1-1.0 T=500-5000 K=3-5),Completed,2026-03-12,Structural grid now covers N=20/80/150 k=2/3/4 T=500/2000/5000 sigma=0.1/1.0 with 54/54 executed in results/phase2_step56_large_grid plus explicit K=3/4/5 switching supplement (18/18) in results/phase2_step56_switching_k_grid_full,Y + K=3..5 handled via dedicated switching supplement script and reported as hard setting
57,Run 50-100 seeds per configuration,Completed,2026-03-12,Executed 50-seed multi-cell run (1800/1800 complete) in results/phase2_step57_multiseed_50 with consistent solver policy across cells,N
58,Compute metrics: support F1/precision/recall regime accuracy state MSE,Completed,2026-03-12,Generated 50-seed CI summaries plus switching diagnostics in results/phase2_step58_metrics_50/metrics_summary.json,N
59,Plot scaling laws (log T vs log error),Completed,2026-03-12,Generated 50-seed log-log scaling slopes/plots in results/phase2_step59_scaling_50,N
60,Ablate sparsity (lambda=0),Completed,2026-03-12,Implemented sparse-vs-dense ablation in code/models/phase2_step60_62_ablations.py with metrics in results/phase2_step60_62_ablations/metrics_summary.json,N
61,Ablate regimes (single regime),Completed,2026-03-12,Implemented switching-vs-single-regime ablation with regime accuracy proxy and state-MSE comparison in results/phase2_step60_62_ablations/metrics_summary.json,N
62,Ablate high-order (pairwise only),Completed,2026-03-12,Implemented high-order-vs-pairwise predictive ablation (k_true=3/4) in results/phase2_step60_62_ablations/metrics_summary.json,N
63,Compare to baselines (pairwise sparse LDS static hypergraph SINDy-like),Completed,2026-03-12,Implemented baseline comparison suite in code/models/phase2_step63_baseline_comparison.py with pairwise sparse LDS and SINDy-like STLSQ comparisons (results/phase2_step63_baselines/metrics_summary.json),N
64,Test robustness: outliers missing data wrong k,Completed,2026-03-12,Implemented robustness suite in code/models/phase2_step64_robustness_checks.py with outlier/missing-data/wrong-k tests (results/phase2_step64_robustness/metrics_summary.json),N
65,Tune hyperparameters (lr lambda beta),Completed,2026-03-12,Implemented executable tuning proxies for lr lambda beta in code/models/phase2_step65_hyperparameter_tuning.py (results/phase2_step65_tuning/metrics_summary.json),N
66,Document failure modes (regime overlap ambiguity etc),Completed,2026-03-12,Documented consolidated failure modes and detection/mitigation rules in docs/step66_failure_modes.md,N
67,Viability Gate 2: F1 >0.75 realistic noise and >20% lift vs pairwise baseline,Completed,2026-03-12,Closed with contingency: pairwise-lift criterion passes strongly but universal F1 criterion does not hold including new K>=3 switching stress and multi-seed refit-tradeoff results (docs/step67_viability_gate2_assessment.md docs/step67_multiregime_upgrade_note.md docs/step67_refit_tradeoff_analysis.md),Y + contingency triggered (scope-limited empirical claims)
